{"latent_dim": 4, "input_dim": 32, "ops": [{"op": "dense", "W": [[0.5215863126312305, 0.24304034545190115, 0.2903985498473481, -0.1922221427496131, 0.11535786492116386, -0.5285702393995452, -0.20118809659074977, -0.025518823371297468], [-0.05779173294203168, 0.10178928484099481, -0.25671326311497517, 0.311343092993483, 0.2677091782227078, -0.32788770164618514, -0.264233415619156, -0.33569464516406683], [0.2629794782478263, -0.33238853014377046, 0.3137149260756037, 0.2081445785507642, 0.20226854968248426, 0.4605637431115101, 0.29113569809080275, 0.32202211260354535], [-0.4093163986235124, -0.18524637761730645, 0.0317011746232882, -0.3555637005166999, 0.0980772436337006, 0.2251427179486155, -0.32272458948379446, -0.5072308611250894]], "b": [[0.06689522387310982, 0.0801993920729973, 0.08892497911024785, 0.04890063056490423, 0.10264648175126466, -0.02939480087970106, 0.03183075617155028, -0.054122811549102395]]}, {"op": "relu"}, {"op": "bn", "gamma": [1.1978887894428936, 1.071628571830807, 1.1668809740586812, 1.2208543897946067, 1.2432811647085633, 1.1150097585712115, 0.9494411082080709, 1.0568044970885302], "beta": [0.15915533817320285, 0.1860493703024482, -0.04932056153655244, 0.10190716011750738, 0.04282261433972348, -0.10987987614782586, -0.1836317145324292, 0.04306303672237632], "running_mean": [0.2492542208888775, 0.17305708997622263, 0.17187965265925592, 0.24024128199178119, 0.20509070233776044, 0.1623909137546365, 0.16946624164353163, 0.16986369040566637], "running_var": [0.05917086555241645, 0.032057105870281266, 0.019601619173583967, 0.06844930414991587, 0.03588306225356732, 0.07687043561596789, 0.04143919995190401, 0.0509104232696673], "eps": 0.01}, {"op": "dense", "W": [[0.040315979039655635, -0.4818954944417299, 0.18471225061790156, 0.13877568346790956, -0.0572927441582737, -0.17185553808698423, 0.10380655268866737, -0.09501742508846629, 0.10674940191485033, 0.048120837208043846, 0.17744944535436347, -0.24069606469852153, -0.19817899190548752, -0.23456848460225194, 0.19634691324946074, -0.5473454543939001], [0.25112157982023214, -0.06638344549998174, -0.2773379085817268, -0.1555996905536848, 0.4195517093464276, 0.047676764923315, 0.023584264877358374, -0.0018391842974618603, 0.11818181108593592, -0.061100694146598154, 0.17899403142242964, -0.025314277373014435, 0.07823469364107474, 0.2111301242040631, 0.34559258601628323, -0.4134969934678198], [-0.015392567974444635, -0.057266789596438356, -0.14798596779119397, -0.17267655359795467, -0.08351730956500154, 0.18011581904717902, 0.644491860876871, 0.1800919785641285, 0.18089443606349376, 0.2402257225040979, -0.5598710348570862, -0.05050742362505664, -0.028669895218259026, -0.5074321151189238, 0.05679930843465492, 0.26391475461385916], [-0.42616499663252877, 0.2586979005458409, 0.175420031771175, 0.07591747958030345, -0.24203617493601168, 0.1738795373932647, 0.10919953803965206, 0.23524109185801778, 0.3052934664108025, 0.217051944418327, 0.13030671345139488, 0.112376963046139, -0.48717832358721813, -0.08751961387311946, 0.023026544292407733, 0.24083654872519175], [-0.0303293228549238, 0.12509763091141884, -0.5347227790188142, 0.01298355659088179, -0.027573643721199116, -0.4361652838095016, 0.21474404405755745, -0.14481741566690542, 0.1642214951935871, -0.44499195109638734, 0.2432582315197856, -0.3559465902677838, 0.4372956879316822, 0.03215780259351647, 0.37263188284509896, -0.058926210935765944], [0.1583600372448301, -0.5152392801734567, 0.16903010548323188, 0.47975189441059557, 0.17393030707243612, -0.032602151234199385, -0.08940526549122423, -0.38219636363992243, -0.1747224093264903, -0.18900565694289198, 0.22306935339822595, -0.17454801810473927, -0.20228709414090887, 0.08748973185391921, -0.08548266081511736, -0.18172555508617216], [-0.06287836440387429, 0.28988417660174526, -0.32998190717523673, -0.12129241960773134, 0.3201518171380477, -0.03315199619738565, 0.05191611925133945, -0.3028831691386182, -0.3379939385022647, 0.3214146341195731, -0.06221195210992217, -0.34833785272723794, 0.0915740012887531, -0.25607316399197894, -0.09290557413065617, 0.017307327529865708], [-0.27233522339692656, 0.059154718391229225, 0.04824644447599347, 0.30939904371070354, 0.05628877779759737, 0.4356209659245985, -0.09269619580149298, 0.0984026449193878, -0.03674152190252043, -0.14461314216954266, -0.14495034644763138, -0.27076933589614266, -0.1842906541505193, 0.3473607420880507, 0.3863227589581829, 0.2422185330715728]], "b": [[-0.07426696779377948, 0.04347020445354527, 0.09778239348130123, -0.07730975844037576, 0.023960847442691058, 0.08928816044787606, -0.11755565512008251, 0.06914190831438001, 0.3436126376095002, -0.044064951125894355, -0.00651438313299787, 0.09369399318052313, -0.02842084784666332, -0.07201103925139211, 0.21109752001540918, -0.1020538214081139]]}, {"op": "relu"}, {"op": "bn", "gamma": [1.578082022047165, 1.921817298863431, 1.6687121783006602, 1.6106926450760854, 1.4961086527420815, 1.5328967570048515, 1.6664325105996214, 1.4221736462771186, 1.6361854861260232, 1.7897987131942406, 1.7284385020913442, 1.7212567461972608, 1.7781405812273587, 1.837685935680803, 1.665438085070619, 1.7373748401209368], "beta": [-0.2265888660081588, -0.6653222069131633, -0.6088755576722537, -0.4759012623572739, -0.563147857215027, -0.4187316853830067, -0.5001729559655831, 0.5463319414518958, -0.41477218710258157, 0.5375444369164932, -0.43658139057020745, -0.4738528850520437, -0.5053414958671516, 0.5349014739388774, 0.10493032157755969, 0.6362472989320714], "running_mean": [0.266068418583039, 0.22808563045158547, 0.2560313894192806, 0.22434100297095744, 0.1628334217510667, 0.3381118814934346, 0.20075267868130606, 0.282264438950298, 0.5197883062830275, 0.2055982198802221, 0.35437881399916626, 0.3484584874558466, 0.27651428745762885, 0.22290217005911178, 0.4734639991672659, 0.15153973395333772], "running_var": [0.10010793018097222, 0.10012959056973103, 0.05298268584121333, 0.16325277776453284, 0.0649443053843432, 0.18860253471395128, 0.1031398909533675, 0.04933185315265746, 0.1327171036908757, 0.08532923317669375, 0.1679680001169252, 0.16962361358943756, 0.13740450148191793, 0.07072155412212708, 0.23824054533920222, 0.06438817555660065], "eps": 0.01}, {"op": "dense",